titulo,url,precio,categorias,proteinas,carbohidratos,grasas,fibra,calorias,sal,azucares,grasas_sat,score_nutricional,norm_precio,norm_nutri,texto_busqueda
Tiras de maíz sabor barbacoa Dia Snack Maniac 150 g,https://www.dia.es/aperitivos-y-frutos-secos/snacks-salados/p/1530,0.8,['Snacks salados'],6.1,54.4,32.0,3.586111111111111,2245.0,1.86,0.7,2.9,53.27,0.9583718778908418,0.5101195952161914,tiras de maíz sabor barbacoa dia snack maniac 150 g | snacks salados
Cóctel de aperitivos Dia Snack Maniac 200 g,https://www.dia.es/aperitivos-y-frutos-secos/snacks-salados/p/41000,1.59,['Snacks salados'],4.4,61.0,25.0,3.586111111111111,2053.0,1.9,1.3,1.1,51.57,0.8852913968547641,0.48405397117448634,cóctel de aperitivos dia snack maniac 200 g | snacks salados
Conos de maíz sabor queso y bacon Dia Snack Maniac 100 g,https://www.dia.es/aperitivos-y-frutos-secos/snacks-salados/p/16073,0.79,['Snacks salados'],5.1,61.0,26.0,3.586111111111111,2102.0,2.1,4.7,2.4,52.27,0.9592969472710453,0.49478687519165904,conos de maíz sabor queso y bacon dia snack maniac 100 g | snacks salados
Nachos tex-mex Dia Snack Maniac 150 g,https://www.dia.es/aperitivos-y-frutos-secos/snacks-salados/p/28828,0.95,['Snacks salados'],6.8,61.0,24.0,3.586111111111111,2084.0,1.0,2.1,3.9,53.97,0.9444958371877891,0.520852499233364,nachos tex-mex dia snack maniac 150 g | snacks salados
Torreznos sabor barbacoa Dia Snack Maniac 100 g,https://www.dia.es/aperitivos-y-frutos-secos/snacks-salados/p/309207,1.4,['Snacks salados'],57.0,2.6,40.0,3.586111111111111,2492.0,4.0,0.0,14.0,68.67,0.902867715078631,0.7462434835939896,torreznos sabor barbacoa dia snack maniac 100 g | snacks salados
Palomitas dulces Dia Snack Maniac 130 g,https://www.dia.es/aperitivos-y-frutos-secos/snacks-salados/p/307179,1.29,['Snacks salados'],5.6,89.0,11.0,3.586111111111111,1764.0,0.05,31.0,2.1,45.97,0.9130434782608696,0.39819073903710517,palomitas dulces dia snack maniac 130 g | snacks salados
Bolazos sabor queso Dia Snack Maniac 100 g,https://www.dia.es/aperitivos-y-frutos-secos/snacks-salados/p/252314,0.99,['Snacks salados'],6.0,58.0,21.0,3.586111111111111,1883.0,1.9,9.0,3.0,53.17,0.940795559666975,0.5085863232137382,bolazos sabor queso dia snack maniac 100 g | snacks salados
Torzitos Dia Snack Maniac 120 g,https://www.dia.es/aperitivos-y-frutos-secos/snacks-salados/p/23253,0.79,['Snacks salados'],5.7,55.8,33.2,3.586111111111111,2290.0,0.96,5.6,4.7,52.87,0.9592969472710453,0.5039865072063784,torzitos dia snack maniac 120 g | snacks salados
Palomitas sabor mantequilla Dia Snack Maniac 80 g,https://www.dia.es/aperitivos-y-frutos-secos/snacks-salados/p/83685,0.79,['Snacks salados'],5.2,59.0,33.0,3.586111111111111,2276.0,1.8,6.9,3.8,52.37,0.9592969472710453,0.4963201471941122,palomitas sabor mantequilla dia snack maniac 80 g | snacks salados
Palitos de patata Dia Snack Maniac 75 g,https://www.dia.es/aperitivos-y-frutos-secos/snacks-salados/p/306905,0.79,['Snacks salados'],1.3,76.0,16.0,3.586111111111111,1908.0,1.54,0.5,1.4,48.47,0.9592969472710453,0.4365225390984361,palitos de patata dia snack maniac 75 g | snacks salados
Aceitunas aliñadas chupadedos Dia Vegecampo 410 g,https://www.dia.es/aperitivos-y-frutos-secos/aceitunas/p/274032,2.32,['Aceitunas'],1.4,0.0,20.0,3.586111111111111,795.0,2.6,0.0,3.8,48.7,0.8177613320999075,0.44004906470407856,aceitunas aliñadas chupadedos dia vegecampo 410 g | aceitunas
Aceitunas verdes sin hueso Dia Vegecampo 3 x 75 g,https://www.dia.es/aperitivos-y-frutos-secos/aceitunas/p/116850,1.7,['Aceitunas'],1.0,0.0,17.7,3.586111111111111,695.0,4.6,0.0,3.0,50.8,0.8751156336725254,0.4722477767555964,aceitunas verdes sin hueso dia vegecampo 3 x 75 g | aceitunas
Aceitunas negras sin hueso Dia Vegecampo 150 g,https://www.dia.es/aperitivos-y-frutos-secos/aceitunas/p/142058,1.05,['Aceitunas'],0.5,0.0,13.0,3.586111111111111,515.0,2.0,0.0,2.2,54.8,0.9352451433857539,0.5335786568537259,aceitunas negras sin hueso dia vegecampo 150 g | aceitunas
Aceitunas sabor anchoa con hueso Dia Vegecampo 500 g,https://www.dia.es/aperitivos-y-frutos-secos/aceitunas/p/129165,2.85,['Aceitunas'],1.1,0.0,19.0,3.586111111111111,741.0,3.5,0.0,4.0,49.75,0.7687326549491211,0.45614842072983747,aceitunas sabor anchoa con hueso dia vegecampo 500 g | aceitunas
Aceitunas rellenas de anchoa suave Dia Vegecampo 3 x 50 g,https://www.dia.es/aperitivos-y-frutos-secos/aceitunas/p/273617,1.95,['Aceitunas'],1.4,0.0,15.0,3.586111111111111,579.0,2.3,0.0,2.5,54.1,0.8519888991674376,0.5228457528365532,aceitunas rellenas de anchoa suave dia vegecampo 3 x 50 g | aceitunas
Aceitunas rellenas de anchoa Dia Vegecampo 3 x 50 g,https://www.dia.es/aperitivos-y-frutos-secos/aceitunas/p/69057,1.75,['Aceitunas'],1.4,0.0,15.0,3.586111111111111,579.0,3.5,0.0,2.5,54.1,0.8704902867715079,0.5228457528365532,aceitunas rellenas de anchoa dia vegecampo 3 x 50 g | aceitunas
Aceitunas estilo casero Dia Vegecampo 410 g,https://www.dia.es/aperitivos-y-frutos-secos/aceitunas/p/274031,2.2,['Aceitunas'],1.2,0.0,19.0,3.586111111111111,755.0,4.0,0.0,3.2,49.5,0.8288621646623497,0.4523152407237044,aceitunas estilo casero dia vegecampo 410 g | aceitunas
Aceitunas rellenas de anchoa Dia Vegecampo 150 g,https://www.dia.es/aperitivos-y-frutos-secos/aceitunas/p/302,1.05,['Aceitunas'],1.3,0.0,15.0,3.586111111111111,597.0,3.5,0.0,3.0,53.55,0.9352451433857539,0.5144127568230604,aceitunas rellenas de anchoa dia vegecampo 150 g | aceitunas
Aceitunas camperas sin hueso Dia Vegecampo 150 g,https://www.dia.es/aperitivos-y-frutos-secos/aceitunas/p/302192,1.43,['Aceitunas'],1.0,0.0,18.0,3.586111111111111,700.0,4.0,0.0,3.0,50.67,0.9000925069380203,0.4702545231524073,aceitunas camperas sin hueso dia vegecampo 150 g | aceitunas
Aceitunas verdes sin hueso Dia Vegecampo 400 g,https://www.dia.es/aperitivos-y-frutos-secos/aceitunas/p/142072,2.79,['Aceitunas'],1.0,0.0,17.7,3.586111111111111,695.0,3.7,0.0,3.0,50.8,0.7742830712303423,0.4722477767555964,aceitunas verdes sin hueso dia vegecampo 400 g | aceitunas
Mini huevos de chocolate rellenos Dia Temptation bolsa 150 g,https://www.dia.es/azucar-chocolates-y-caramelos/chocolates-y-bombones/p/291612,1.99,['Chocolates y bombones'],6.9,50.0,40.0,15.0,2468.0,0.15,50.0,21.0,31.9,0.8482886216466234,0.18245936829193496,mini huevos de chocolate rellenos dia temptation bolsa 150 g | chocolates y bombones
Chocolate con leche Dia Temptation 100 g,https://www.dia.es/azucar-chocolates-y-caramelos/chocolates-y-bombones/p/300067,1.0,['Chocolates y bombones'],5.6,58.0,32.0,15.0,2279.0,0.19,57.0,20.0,30.6,0.9398704902867715,0.16252683226004297,chocolate con leche dia temptation 100 g | chocolates y bombones
Chocolate con leche crujiente Dia Temptation 75 g,https://www.dia.es/azucar-chocolates-y-caramelos/chocolates-y-bombones/p/300057,0.95,['Chocolates y bombones'],5.9,62.0,27.0,15.0,2157.0,0.24,54.0,16.0,30.9,0.9444958371877891,0.16712664826740262,chocolate con leche crujiente dia temptation 75 g | chocolates y bombones
Chocolate negro 85% cacao en porciones Dia Temptation bolsa 176 g,https://www.dia.es/azucar-chocolates-y-caramelos/chocolates-y-bombones/p/300065,3.34,['Chocolates y bombones'],13.0,21.0,42.0,15.0,2277.0,0.03,16.0,26.0,58.0,0.723404255319149,0.5826433609322293,chocolate negro 85% cacao en porciones dia temptation bolsa 176 g | chocolates y bombones
Chocolate blanco con galleta Dia Temptation 100 g,https://www.dia.es/azucar-chocolates-y-caramelos/chocolates-y-bombones/p/300059,1.23,['Chocolates y bombones'],5.8,59.0,32.0,15.0,2274.0,0.16,53.0,20.0,30.8,0.9185938945420906,0.1655933762649494,chocolate blanco con galleta dia temptation 100 g | chocolates y bombones
Chocolate negro 85% cacao Dia Temptation 100 g,https://www.dia.es/azucar-chocolates-y-caramelos/chocolates-y-bombones/p/235055,1.95,['Chocolates y bombones'],11.0,22.0,43.0,15.0,2244.0,0.06,16.0,27.0,56.0,0.8519888991674376,0.5519779208831647,chocolate negro 85% cacao dia temptation 100 g | chocolates y bombones
Mini barritas de chocolate con leche Dia Temptation caja 50 g,https://www.dia.es/azucar-chocolates-y-caramelos/chocolates-y-bombones/p/306068,0.85,['Chocolates y bombones'],9.1,50.6,34.9,15.0,2315.0,0.31,50.2,20.5,34.1,0.9537465309898242,0.2161913523459062,mini barritas de chocolate con leche dia temptation caja 50 g | chocolates y bombones
Barritas de chocolate con leche y avellanas Dia Temptation bolsa 115 g,https://www.dia.es/azucar-chocolates-y-caramelos/chocolates-y-bombones/p/205200,1.65,['Chocolates y bombones'],4.2,65.3,27.7,15.0,2218.0,0.17,52.7,10.6,35.8,0.879740980573543,0.24225697638761112,barritas de chocolate con leche y avellanas dia temptation bolsa 115 g | chocolates y bombones
Chocolate blanco Dia Temptation 100 g,https://www.dia.es/azucar-chocolates-y-caramelos/chocolates-y-bombones/p/300066,1.15,['Chocolates y bombones'],6.0,59.0,31.0,15.0,2252.0,0.3,59.0,19.0,31.0,0.9259944495837188,0.16865992026985588,chocolate blanco dia temptation 100 g | chocolates y bombones
Golosinas besitos de fresa Dia Marcelo Caramelo bolsa 100 g,https://www.dia.es/azucar-chocolates-y-caramelos/caramelos-chicles-y-golosinas/p/306382,0.85,['Caramelos y golosinas'],4.0,79.0,0.0,0.0,1387.0,0.1,58.0,0.0,24.0,0.9537465309898242,0.06133088009812941,golosinas besitos de fresa dia marcelo caramelo bolsa 100 g | caramelos y golosinas
Caramelo de goma relleno sabor cereza Dulciora Pikotas bolsa 100 g,https://www.dia.es/azucar-chocolates-y-caramelos/caramelos-chicles-y-golosinas/p/271236,1.39,['Caramelos y golosinas'],2.0,89.0,0.0,0.0,1570.0,0.18,85.5,0.0,22.0,0.9037927844588344,0.030665440049064706,caramelo de goma relleno sabor cereza dulciora pikotas bolsa 100 g | caramelos y golosinas
Golosinas gusanos pica Dia Marcelo Caramelo bolsa 100 g,https://www.dia.es/azucar-chocolates-y-caramelos/caramelos-chicles-y-golosinas/p/306387,0.85,['Caramelos y golosinas'],5.5,78.0,0.0,0.0,1420.0,0.1,62.0,0.0,25.5,0.9537465309898242,0.08432996013492794,golosinas gusanos pica dia marcelo caramelo bolsa 100 g | caramelos y golosinas
Golosinas surtidas mix pica Dia Marcelo Caramelo bolsa 200 g,https://www.dia.es/azucar-chocolates-y-caramelos/caramelos-chicles-y-golosinas/p/306401,1.15,['Caramelos y golosinas'],4.6,76.0,0.0,0.0,1339.0,0.1,52.0,0.0,24.6,0.9259944495837188,0.07053051211284884,golosinas surtidas mix pica dia marcelo caramelo bolsa 200 g | caramelos y golosinas
Caramelos de eucalipto y menta Iceberg de Dia bolsa 300 g,https://www.dia.es/azucar-chocolates-y-caramelos/caramelos-chicles-y-golosinas/p/161786,2.19,['Caramelos y golosinas'],0.0,97.0,0.0,0.0,1649.0,0.0,77.0,0.0,20.0,0.8297872340425532,0.0,caramelos de eucalipto y menta iceberg de dia bolsa 300 g | caramelos y golosinas
Golosinas sandías Dia Marcelo Caramelo bolsa 100 g,https://www.dia.es/azucar-chocolates-y-caramelos/caramelos-chicles-y-golosinas/p/306383,0.85,['Caramelos y golosinas'],3.6,79.0,0.0,0.0,1412.0,0.2,66.0,0.0,23.6,0.9537465309898242,0.05519779208831649,golosinas sandías dia marcelo caramelo bolsa 100 g | caramelos y golosinas
Golosinas fruta tropical con 8% zumo Dia Marcelo Caramelo bolsa 100 g,https://www.dia.es/azucar-chocolates-y-caramelos/caramelos-chicles-y-golosinas/p/306392,0.95,['Caramelos y golosinas'],4.3,78.0,0.2,0.0,1427.0,0.2,69.0,0.2,24.3,0.9444958371877891,0.06593069610548913,golosinas fruta tropical con 8% zumo dia marcelo caramelo bolsa 100 g | caramelos y golosinas
Regaliz rueda rojo Dia Marcelo Caramelo bolsa 225 g,https://www.dia.es/azucar-chocolates-y-caramelos/caramelos-chicles-y-golosinas/p/306397,1.15,['Caramelos y golosinas'],3.5,75.0,3.5,0.0,1466.0,0.13,45.0,0.1,25.5,0.9259944495837188,0.08432996013492794,regaliz rueda rojo dia marcelo caramelo bolsa 225 g | caramelos y golosinas
Golosinas surtidas mix brillo Dia Marcelo Caramelo bolsa 200 g,https://www.dia.es/azucar-chocolates-y-caramelos/caramelos-chicles-y-golosinas/p/306400,1.15,['Caramelos y golosinas'],6.0,75.0,0.0,0.0,1367.0,0.1,51.0,0.0,26.0,0.9259944495837188,0.09199632014719411,golosinas surtidas mix brillo dia marcelo caramelo bolsa 200 g | caramelos y golosinas
Regaliz rojo torcidas Dia Marcelo Caramelo bolsa 225 g,https://www.dia.es/azucar-chocolates-y-caramelos/caramelos-chicles-y-golosinas/p/161768,1.15,['Caramelos y golosinas'],3.5,75.0,3.5,0.0,1466.0,0.13,45.0,3.4,25.5,0.9259944495837188,0.08432996013492794,regaliz rojo torcidas dia marcelo caramelo bolsa 225 g | caramelos y golosinas
Galletas cubiertas de chocolate con leche Galleteca de Dia caja 150 g,https://www.dia.es/galletas-bollos-y-cereales/galletas/p/220175,1.4,['Galletas'],5.8,66.0,22.0,2.8,2057.0,0.48,38.0,14.0,25.5,0.902867715078631,0.08432996013492794,galletas cubiertas de chocolate con leche galleteca de dia caja 150 g | galletas
Galletas hookies tuestis Gullón caja 400 + 200 g gratis,https://www.dia.es/galletas-bollos-y-cereales/galletas/p/169611,1.25,['Galletas'],7.5,71.0,15.0,4.5,1926.0,0.68,21.0,1.4,56.5,0.9167437557816837,0.5596442808954308,galletas hookies tuestis gullón caja 400 + 200 g gratis | galletas
Galletas pretzel rosa Galleteca de Dia 100 g,https://www.dia.es/galletas-bollos-y-cereales/galletas/p/309213,1.59,['Galletas'],8.2,65.4,20.6,3.8000000000000003,2029.0,2.7,31.3,16.7,33.76,0.8852913968547641,0.21097822753756515,galletas pretzel rosa galleteca de dia 100 g | galletas
Galletas rellenas de caramelo salado Galleteca de Dia bolsa 120 g,https://www.dia.es/galletas-bollos-y-cereales/galletas/p/303710,1.09,['Galletas'],5.0,65.8,22.9,3.8000000000000003,2064.0,120.0,52.6,9.7,25.55,0.9315448658649399,0.08509659613615457,galletas rellenas de caramelo salado galleteca de dia bolsa 120 g | galletas
Mini galletas con pepitas de chocolate Galleteca de Dia caja 160 g,https://www.dia.es/galletas-bollos-y-cereales/galletas/p/220178,1.4,['Galletas'],5.9,62.0,23.7,3.8000000000000003,2060.0,0.84,29.2,11.9,37.79,0.902867715078631,0.27276908923643056,mini galletas con pepitas de chocolate galleteca de dia caja 160 g | galletas
Galletas dorada maría Galleteca de Dia paquete 800 g,https://www.dia.es/galletas-bollos-y-cereales/galletas/p/149293,1.39,['Galletas'],5.7,74.0,15.0,2.0,1926.0,0.73,20.0,1.5,49.7,0.9037927844588344,0.4553817847286109,galletas dorada maría galleteca de dia paquete 800 g | galletas
Galletas rellenas de crema de chocolate Galleteca de Dia paquete 500 g,https://www.dia.es/galletas-bollos-y-cereales/galletas/p/32812,1.3,['Galletas'],5.9,67.0,20.0,4.0,2011.0,0.45,32.0,9.0,40.3,0.9121184088806661,0.3112542164980067,galletas rellenas de crema de chocolate galleteca de dia paquete 500 g | galletas
Galletas digestive con chocolate Galleteca de Dia paquete 300 g,https://www.dia.es/galletas-bollos-y-cereales/galletas/p/10410,1.4,['Galletas'],6.0,63.0,20.0,3.6,1942.0,1.4,26.0,6.0,48.9,0.902867715078631,0.443115608708985,galletas digestive con chocolate galleteca de dia paquete 300 g | galletas
Galletas de cacao rellenas de crema Galleteca de Dia caja 220 g,https://www.dia.es/galletas-bollos-y-cereales/galletas/p/220174,0.83,['Galletas'],4.4,64.2,20.1,3.8000000000000003,1928.0,0.95,32.0,10.0,36.9,0.9555966697502313,0.25912296841459675,galletas de cacao rellenas de crema galleteca de dia caja 220 g | galletas
Barquillos rellenos de cacao Galleteca de Dia bolsa 210 g,https://www.dia.es/galletas-bollos-y-cereales/galletas/p/220172,1.15,['Galletas'],5.9,60.0,28.0,5.9,2179.0,0.18,27.0,14.0,40.6,0.9259944495837188,0.3158540325053665,barquillos rellenos de cacao galleteca de dia bolsa 210 g | galletas
Croissants El molino de Dia bolsa 390 g,https://www.dia.es/galletas-bollos-y-cereales/bolleria/p/288021,1.68,['Bolleria'],6.6,46.0,27.0,6.6,1910.0,0.75,11.8,14.0,46.3,0.8769657724329325,0.40325053664520083,croissants el molino de dia bolsa 390 g | bolleria
Magdalenas sin gluten El molino de Dia bolsa 160 g,https://www.dia.es/galletas-bollos-y-cereales/bolleria/p/303498,1.79,['Bolleria'],2.9,56.0,24.0,4.6,1875.0,0.91,26.0,3.0,49.3,0.8667900092506938,0.44924869671879786,magdalenas sin gluten el molino de dia bolsa 160 g | bolleria
Bocaditos El molino de Dia bolsa 195 g,https://www.dia.es/galletas-bollos-y-cereales/bolleria/p/306402,1.25,['Bolleria'],6.3,52.6,21.6,1.1,1809.0,0.87,24.0,2.8,47.3,0.9167437557816837,0.4185832566697332,bocaditos el molino de dia bolsa 195 g | bolleria
Napolitanas rellenas de crema de cacao El molino de Dia bolsa 270 g,https://www.dia.es/galletas-bollos-y-cereales/bolleria/p/127308,1.31,['Bolleria'],5.2,50.8,18.5,4.6,1660.0,0.7,19.8,10.2,46.6,0.9111933395004626,0.4078503526525606,napolitanas rellenas de crema de cacao el molino de dia bolsa 270 g | bolleria
Magdalenas clásicas El molino de Dia bolsa 515 g,https://www.dia.es/galletas-bollos-y-cereales/bolleria/p/288020,1.99,['Bolleria'],5.2,49.0,27.0,5.2,1928.0,0.98,25.0,6.6,51.2,0.8482886216466234,0.4783808647654094,magdalenas clásicas el molino de dia bolsa 515 g | bolleria
Croissants rellenos de cacao y avellanas El molino de Dia bolsa 315 g,https://www.dia.es/galletas-bollos-y-cereales/bolleria/p/288022,1.64,['Bolleria'],5.5,50.0,31.0,5.5,2107.0,0.63,26.0,15.0,38.7,0.8806660499537465,0.286721864458755,croissants rellenos de cacao y avellanas el molino de dia bolsa 315 g | bolleria
Palmeritas El molino de Dia bandeja 245 g,https://www.dia.es/galletas-bollos-y-cereales/bolleria/p/82569,1.13,['Bolleria'],4.6,57.8,32.0,4.6,2258.0,0.78,25.8,16.5,36.16,0.9278445883441259,0.24777675559644277,palmeritas el molino de dia bandeja 245 g | bolleria
Rosquillas de chocolate El molino de Dia bandeja 240 g,https://www.dia.es/galletas-bollos-y-cereales/bolleria/p/88697,1.69,['Bolleria'],6.7,42.0,29.0,4.6,1913.0,0.44,12.0,18.0,40.9,0.876040703052729,0.3204538485127261,rosquillas de chocolate el molino de dia bandeja 240 g | bolleria
Rosquillas glaseadas El molino de Dia caja 208 g,https://www.dia.es/galletas-bollos-y-cereales/bolleria/p/16103,1.4,['Bolleria'],5.4,42.0,24.0,4.6,1710.0,0.94,16.0,12.0,44.1,0.902867715078631,0.36951855259122973,rosquillas glaseadas el molino de dia caja 208 g | bolleria
Cereales de copos de maíz con azúcar Gran Dia caja 500 g,https://www.dia.es/galletas-bollos-y-cereales/cereales/p/37253,1.99,['Cereales'],6.5,85.1,0.9,6.0,1612.0,1.5,24.4,0.4,56.98,0.8482886216466234,0.5670039865072063,cereales de copos de maíz con azúcar gran dia caja 500 g | cereales
Barritas de cereales con chocolate blanco y frutos rojos Gran Dia caja 138 g,https://www.dia.es/galletas-bollos-y-cereales/cereales/p/306042,1.68,['Cereales'],5.9,65.0,11.0,6.388888888888889,1682.0,0.49,28.0,5.1,54.13,0.8769657724329325,0.5233057344372892,barritas de cereales con chocolate blanco y frutos rojos gran dia caja 138 g | cereales
Cereales rellenos con chocolate y avena Gran Dia caja 500 g,https://www.dia.es/galletas-bollos-y-cereales/cereales/p/37184,2.1,['Cereales'],8.2,68.0,12.8,5.2,1811.0,0.64,32.3,4.1,50.76,0.8381128584643849,0.4716344679546151,cereales rellenos con chocolate y avena gran dia caja 500 g | cereales
Cereales copos de arroz y trigo integral con chocolate Gran Dia caja 300 g,https://www.dia.es/galletas-bollos-y-cereales/cereales/p/10545,1.99,['Cereales'],7.3,75.4,5.9,4.7,1662.0,1.32,27.9,3.4,52.38,0.8482886216466234,0.49647347439435763,cereales copos de arroz y trigo integral con chocolate gran dia caja 300 g | cereales
Cereales de pétalos de trigo y chocolate Gran Dia caja 500 g,https://www.dia.es/galletas-bollos-y-cereales/cereales/p/74306,2.0,['Cereales'],9.1,75.0,4.4,6.4,1639.0,0.34,24.0,1.0,60.7,0.84736355226642,0.6240417049984668,cereales de pétalos de trigo y chocolate gran dia caja 500 g | cereales
Muesli extra Gran Dia caja 500 g,https://www.dia.es/galletas-bollos-y-cereales/cereales/p/222746,1.59,['Cereales'],9.9,61.0,18.6,7.3,1950.0,0.29,18.4,9.5,57.75,0.8852913968547641,0.5788101809260963,muesli extra gran dia caja 500 g | cereales
Muesli crujiente con chocolate Gran Dia caja 500 g,https://www.dia.es/galletas-bollos-y-cereales/cereales/p/135900,1.99,['Cereales'],9.4,60.2,20.0,7.4,1982.0,0.26,22.6,10.3,56.17,0.8482886216466234,0.5545844832873352,muesli crujiente con chocolate gran dia caja 500 g | cereales
Cereales rellenos de leche Gran Dia caja 500 g,https://www.dia.es/galletas-bollos-y-cereales/cereales/p/111278,2.39,['Cereales'],9.5,64.0,16.0,4.5,1878.0,0.42,26.0,4.5,55.7,0.8112858464384829,0.5473781048758051,cereales rellenos de leche gran dia caja 500 g | cereales
Copos de avena Gran Dia caja 500 g,https://www.dia.es/galletas-bollos-y-cereales/cereales/p/105429,0.89,['Cereales'],13.5,58.7,7.0,10.0,1566.0,0.02,0.7,1.3,73.5,0.9500462534690102,0.8203005213124809,copos de avena gran dia caja 500 g | cereales
Cereales copos de maíz corn flakes Gran Dia caja 500 g,https://www.dia.es/galletas-bollos-y-cereales/cereales/p/66956,1.49,['Cereales'],6.3,84.0,1.1,6.0,1604.0,1.8,7.1,0.5,58.3,0.8945420906567992,0.587243176939589,cereales copos de maíz corn flakes gran dia caja 500 g | cereales
Pechuga de pavo 92% Dia Nuestra Alacena 120 g,https://www.dia.es/charcuteria-y-quesos/jamon-cocido-pavo-y-pollo/p/273965,1.99,['Jamon cocido'],20.3,0.5,0.5,0.0,327.0,1.85,0.5,0.1,70.3,0.8482886216466234,0.7712358172339773,pechuga de pavo 92% dia nuestra alacena 120 g | jamon cocido
Jamón cocido extra 97% Dia Nuestra Alacena 150 g,https://www.dia.es/charcuteria-y-quesos/jamon-cocido-pavo-y-pollo/p/273737,1.99,['Jamon cocido'],20.0,0.5,2.0,0.0,423.0,1.93,0.5,0.7,69.42,0.8482886216466234,0.7577430236123889,jamón cocido extra 97% dia nuestra alacena 150 g | jamon cocido
Pechuguitas de pollo asado 99% La Carloteña 100 g,https://www.dia.es/charcuteria-y-quesos/jamon-cocido-pavo-y-pollo/p/182582,2.09,['Jamon cocido'],26.8,0.5,2.0,0.0,530.0,1.6,0.5,0.6,73.55,0.8390379278445883,0.8210671573137074,pechuguitas de pollo asado 99% la carloteña 100 g | jamon cocido | auténtica pechuga de pollo asada al horno y loncheada
Pechuga de pavo Dia Nuestra Alacena 2 x 200 g,https://www.dia.es/charcuteria-y-quesos/jamon-cocido-pavo-y-pollo/p/273810,3.95,['Jamon cocido'],17.0,0.5,0.5,0.0,316.0,1.85,0.5,0.2,67.0,0.6669750231267345,0.7206378411530205,pechuga de pavo dia nuestra alacena 2 x 200 g | jamon cocido
Pechuga de pavo Campofrío 70 g,https://www.dia.es/charcuteria-y-quesos/jamon-cocido-pavo-y-pollo/p/189994,1.0,['Jamon cocido'],14.0,4.0,1.0,0.0,343.0,2.0,2.0,0.4,64.0,0.9398704902867715,0.6746396810794235,pechuga de pavo campofrío 70 g | jamon cocido
Jamón de pavo finas lonchas Dia Nuestra Alacena 180 g,https://www.dia.es/charcuteria-y-quesos/jamon-cocido-pavo-y-pollo/p/303613,1.39,['Jamon cocido'],14.0,2.0,4.0,0.0,422.0,1.92,0.5,1.4,63.45,0.9037927844588344,0.6662066850659307,jamón de pavo finas lonchas dia nuestra alacena 180 g | jamon cocido
Maxi York Dia Nuestra Alacena 350 g,https://www.dia.es/charcuteria-y-quesos/jamon-cocido-pavo-y-pollo/p/305313,1.99,['Jamon cocido'],12.0,10.0,2.5,0.0,467.0,2.2,1.0,0.9,60.33,0.8482886216466234,0.6183685985893898,maxi york dia nuestra alacena 350 g | jamon cocido
Paleta cocida Dia Nuestra Alacena 180 g,https://www.dia.es/charcuteria-y-quesos/jamon-cocido-pavo-y-pollo/p/303612,1.99,['Jamon cocido'],19.0,2.0,4.0,0.0,507.0,2.2,1.5,1.0,66.33,0.8482886216466234,0.7103649187365838,paleta cocida dia nuestra alacena 180 g | jamon cocido
Lacón cortado a mano Dia Nuestra Alacena 170 g,https://www.dia.es/charcuteria-y-quesos/jamon-cocido-pavo-y-pollo/p/308802,2.99,['Jamon cocido'],19.5,1.0,3.1,0.0,463.0,2.0,0.5,1.2,67.92,0.755781683626272,0.7347439435755904,lacón cortado a mano dia nuestra alacena 170 g | jamon cocido
Jamón cocido extra Dia Nuestra Alacena 2 x 225 g,https://www.dia.es/charcuteria-y-quesos/jamon-cocido-pavo-y-pollo/p/273957,3.45,['Jamon cocido'],18.5,0.3,2.5,0.0,412.0,1.9,0.3,0.9,68.2,0.7132284921369103,0.7390371051824595,jamón cocido extra dia nuestra alacena 2 x 225 g | jamon cocido
Pizza cuatro quesos Dia Al Punto 400 g,https://www.dia.es/congelados/pizzas-y-masas/p/53870,2.49,['Pizzas'],11.5,27.0,10.7,3.0,1064.0,1.3,2.7,5.3,57.05,0.8020351526364478,0.5680772769089236,pizza cuatro quesos dia al punto 400 g | pizzas
Baguette de jamón y queso 2 unidades Dia Al Punto 250 g,https://www.dia.es/congelados/pizzas-y-masas/p/16536,1.89,['Pizzas'],11.0,28.0,6.2,3.0,914.0,1.3,2.2,3.5,57.0,0.8575393154486587,0.567310640907697,baguette de jamón y queso 2 unidades dia al punto 250 g | pizzas
Pizza jamón y queso masa fina Dia Al Punto 350 g,https://www.dia.es/congelados/pizzas-y-masas/p/130615,2.49,['Pizzas'],9.5,25.5,6.8,3.0,862.0,1.45,3.3,2.6,55.5,0.8020351526364478,0.5443115608708985,pizza jamón y queso masa fina dia al punto 350 g | pizzas
Pizza Stranger Things royale California 446 g,https://www.dia.es/congelados/pizzas-y-masas/p/308609,4.49,['Pizzas'],15.0,14.0,11.0,3.0,899.0,1.0,0.1,1.5,61.0,0.6170212765957446,0.6286415210058265,pizza stranger things royale california 446 g | pizzas
Pizza crispy bacon Dia Al Punto 450 g,https://www.dia.es/congelados/pizzas-y-masas/p/266016,3.99,['Pizzas'],12.0,26.0,9.6,3.0,1017.0,1.5,4.7,4.1,58.0,0.6632747456059205,0.5826433609322293,pizza crispy bacon dia al punto 450 g | pizzas
Pizza bacon y atún Dia Al Punto 400 g,https://www.dia.es/congelados/pizzas-y-masas/p/54213,2.49,['Pizzas'],10.0,27.0,8.9,3.0,981.0,1.4,3.1,3.5,56.0,0.8020351526364478,0.5519779208831647,pizza bacon y atún dia al punto 400 g | pizzas
Bases de pizza 3 unidades Dia Al Punto 420 g,https://www.dia.es/congelados/pizzas-y-masas/p/203958,1.79,['Pizzas'],7.5,52.0,4.9,3.0,1210.0,1.0,1.5,0.7,53.5,0.8667900092506938,0.5136461208218338,bases de pizza 3 unidades dia al punto 420 g | pizzas
Mini pizzas de jamón y queso Dia Al Punto 270 g,https://www.dia.es/congelados/pizzas-y-masas/p/81020,2.49,['Pizzas'],11.0,27.0,7.8,3.0,956.0,1.4,2.8,3.5,57.0,0.8020351526364478,0.567310640907697,mini pizzas de jamón y queso dia al punto 270 g | pizzas
Pizza barbacoa Dia Al Punto 350 g,https://www.dia.es/congelados/pizzas-y-masas/p/250252,2.49,['Pizzas'],9.9,28.0,8.3,3.0,969.0,1.6,5.3,3.6,55.9,0.8020351526364478,0.5504446488807114,pizza barbacoa dia al punto 350 g | pizzas
Pizza reina 2 unidades Dia Al Punto 700 g,https://www.dia.es/congelados/pizzas-y-masas/p/80000,3.39,['Pizzas'],9.6,25.0,6.8,3.0,862.0,1.4,3.2,2.7,55.6,0.7187789084181313,0.5458448328733517,pizza reina 2 unidades dia al punto 700 g | pizzas
Filetes de panga ASC 480 g,https://www.dia.es/congelados/pescado-y-marisco/p/31437,2.59,['Pescado congelado'],12.1,3.0,0.9,3.586111111111111,239.0,0.82,0.5,0.3,69.27,0.7927844588344126,0.7554431156087089,filetes de panga asc 480 g | pescado congelado
Preparado para paellas y sopas Dia Mari Marinera 685 g,https://www.dia.es/congelados/pescado-y-marisco/p/273563,4.09,['Pescado congelado'],18.0,1.0,1.2,3.586111111111111,361.0,0.65,0.5,0.3,75.17,0.6540240518038853,0.84590616375345,preparado para paellas y sopas dia mari marinera 685 g | pescado congelado
Preparado para fideuá y arroces sin cáscara Dia Mari Marinera 450 g,https://www.dia.es/congelados/pescado-y-marisco/p/301911,3.79,['Pescado congelado'],17.0,1.2,2.5,3.586111111111111,400.0,0.45,0.2,0.2,74.17,0.6817761332099908,0.8305734437289175,preparado para fideuá y arroces sin cáscara dia mari marinera 450 g | pescado congelado
Gambas peladas y crudas grandes Dia Mari Marinera 350 g,https://www.dia.es/congelados/pescado-y-marisco/p/269058,5.78,['Pescado congelado'],9.4,0.0,0.8,3.586111111111111,196.0,0.77,0.0,0.3,66.57,0.4976873265494912,0.7140447715424716,gambas peladas y crudas grandes dia mari marinera 350 g | pescado congelado
Filetes de merluza del cabo sin piel MSC Dia Mari Marinera 600 g,https://www.dia.es/congelados/pescado-y-marisco/p/72170,5.89,['Pescado congelado'],16.0,0.0,1.1,3.586111111111111,313.0,0.42,0.0,0.3,73.17,0.48751156336725254,0.8152407237043852,filetes de merluza del cabo sin piel msc dia mari marinera 600 g | pescado congelado
Gambas peladas y crudas medianas Dia Mari Marinera 350 g,https://www.dia.es/congelados/pescado-y-marisco/p/269059,4.79,['Pescado congelado'],18.0,0.0,1.3,3.586111111111111,354.0,0.79,0.0,0.5,75.17,0.5892691951896392,0.84590616375345,gambas peladas y crudas medianas dia mari marinera 350 g | pescado congelado
Filetes de merluza Argentina sin piel Dia Mari Marinera 400 g,https://www.dia.es/congelados/pescado-y-marisco/p/17384,3.49,['Pescado congelado'],15.8,0.4,2.0,3.586111111111111,346.0,0.31,0.0,0.6,72.97,0.7095282146160962,0.8121741796994787,filetes de merluza argentina sin piel dia mari marinera 400 g | pescado congelado
Almeja del pacífico Dia Mari Marinera 450 g,https://www.dia.es/congelados/pescado-y-marisco/p/129357,1.79,['Pescado congelado'],10.9,5.2,0.8,3.586111111111111,302.0,0.81,0.1,0.2,68.07,0.8667900092506938,0.7370438515792701,almeja del pacífico dia mari marinera 450 g | pescado congelado
Helado bombón crocante Dia Temptation 6 x 63 g,https://www.dia.es/congelados/helados-y-hielo/p/141678,2.49,['Helados'],3.2,31.0,25.0,0.5,1208.0,0.11,28.0,15.0,24.8,0.8020351526364478,0.0735970561177553,helado bombón crocante dia temptation 6 x 63 g | helados
Mini sorbetes Dia Temptation 5 x 75 g,https://www.dia.es/congelados/helados-y-hielo/p/309601,1.99,['Helados'],0.6,20.5,13.3,0.5,860.0,0.04,16.5,6.4,39.5,0.8482886216466234,0.29898804047838085,mini sorbetes dia temptation 5 x 75 g | helados
Polos vampiro Dia Temptation 6 x 35 g,https://www.dia.es/congelados/helados-y-hielo/p/291270,1.99,['Helados'],1.2,23.0,2.7,0.5,513.0,0.06,20.0,2.4,49.38,0.8482886216466234,0.45047531432076054,polos vampiro dia temptation 6 x 35 g | helados
Tarrina de frosty pop - dough Dia Temptation 350 g,https://www.dia.es/congelados/helados-y-hielo/p/309600,2.99,['Helados'],3.2,32.0,13.8,0.5,1110.0,0.19,27.5,10.2,32.4,0.755781683626272,0.19012572830420116,tarrina de frosty pop - dough dia temptation 350 g | helados
Tarrina de choco brownie con salsa chocolate Dia Temptation 350 g,https://www.dia.es/congelados/helados-y-hielo/p/271062,2.99,['Helados'],3.7,32.7,9.9,0.5,997.0,350.0,30.0,6.4,36.6,0.755781683626272,0.25452315240723705,tarrina de choco brownie con salsa chocolate dia temptation 350 g | helados
Tarrina de strawberry cheesecake Dia Temptation 350 g,https://www.dia.es/congelados/helados-y-hielo/p/261947,2.99,['Helados'],2.9,30.9,14.3,0.5,1105.0,0.38,24.0,9.6,35.8,0.755781683626272,0.24225697638761112,tarrina de strawberry cheesecake dia temptation 350 g | helados
Sorbetes remolino de frutas Dia Temptation 7 x 65 g,https://www.dia.es/congelados/helados-y-hielo/p/271101,2.39,['Helados'],0.7,23.0,2.4,0.5,494.0,0.04,18.0,2.1,49.35,0.8112858464384829,0.4500153327200246,sorbetes remolino de frutas dia temptation 7 x 65 g | helados
Tarrina de pistacho cheesecake Dia Temptation 350 g,https://www.dia.es/congelados/helados-y-hielo/p/304896,2.99,['Helados'],4.0,28.9,18.4,0.5,1243.0,0.37,23.4,10.2,36.48,0.755781683626272,0.2526832260042931,tarrina de pistacho cheesecake dia temptation 350 g | helados
Sándwich de nata Dia Temptation 6 x 50 g,https://www.dia.es/congelados/helados-y-hielo/p/271108,1.99,['Helados'],4.4,43.0,9.4,0.5,1155.0,0.47,22.0,7.0,42.4,0.8482886216466234,0.3434529285495247,sándwich de nata dia temptation 6 x 50 g | helados
Tomate frito Dia Vegecampo 550 g,https://www.dia.es/aceites-salsas-y-especias/salsas-de-tomate-y-pasta/p/10677,0.89,['Salsa de tomate'],1.1,9.3,3.3,1.2,302.0,0.96,6.9,0.4,53.5,0.9500462534690102,0.5136461208218338,tomate frito dia vegecampo 550 g | salsa de tomate
Tomate troceado Dia Vegecampo 400 g,https://www.dia.es/aceites-salsas-y-especias/salsas-de-tomate-y-pasta/p/10687,0.59,['Salsa de tomate'],0.9,2.9,0.5,1.2,75.0,0.13,2.5,0.0,53.3,0.9777983348751156,0.5105795768169273,tomate troceado dia vegecampo 400 g | salsa de tomate
Tomate frito casero Dia Vegecampo 350 g,https://www.dia.es/aceites-salsas-y-especias/salsas-de-tomate-y-pasta/p/45500,0.9,['Salsa de tomate'],1.8,13.6,8.0,1.2,566.0,0.47,9.8,2.0,50.05,0.9491211840888066,0.46074823673719717,tomate frito casero dia vegecampo 350 g | salsa de tomate
Tomate triturado Dia Vegecampo 400 g,https://www.dia.es/aceites-salsas-y-especias/salsas-de-tomate-y-pasta/p/326,0.49,['Salsa de tomate'],1.0,3.2,0.5,1.2,88.0,0.45,3.1,0.1,53.4,0.9870490286771508,0.5121128488193806,tomate triturado dia vegecampo 400 g | salsa de tomate
Pisto con aceite de oliva Dia Vegecampo 350 g,https://www.dia.es/aceites-salsas-y-especias/salsas-de-tomate-y-pasta/p/111055,1.2,['Salsa de tomate'],1.2,7.8,3.0,1.2,280.0,1.0,5.0,0.5,53.6,0.9213691026827012,0.515179392824287,pisto con aceite de oliva dia vegecampo 350 g | salsa de tomate
Salsa boloñesa Dia Al Diante 300 g,https://www.dia.es/aceites-salsas-y-especias/salsas-de-tomate-y-pasta/p/285530,1.2,['Salsa de tomate'],4.3,9.9,7.1,1.2,517.0,300.0,7.3,1.5,53.77,0.9213691026827012,0.5177859552284576,salsa boloñesa dia al diante 300 g | salsa de tomate
Tomate frito 0% azúcares añadidos Dia Vegecampo 390 g,https://www.dia.es/aceites-salsas-y-especias/salsas-de-tomate-y-pasta/p/302308,0.52,['Salsa de tomate'],1.4,6.2,3.8,1.2,276.0,0.7,390.0,0.4,33.8,0.9842738205365402,0.2115915363385464,tomate frito 0% azúcares añadidos dia vegecampo 390 g | salsa de tomate
Tomate frito Dia Vegecampo 3 x 390 g,https://www.dia.es/aceites-salsas-y-especias/salsas-de-tomate-y-pasta/p/128657,1.32,['Salsa de tomate'],1.3,8.2,3.1,1.2,286.0,1.03,6.0,0.3,53.7,0.910268270120259,0.5167126648267403,tomate frito dia vegecampo 3 x 390 g | salsa de tomate
Tomate frito Dia Vegecampo 3 x 215 g,https://www.dia.es/aceites-salsas-y-especias/salsas-de-tomate-y-pasta/p/1221,0.95,['Salsa de tomate'],1.1,9.3,3.3,1.2,302.0,0.96,6.9,0.4,53.5,0.9444958371877891,0.5136461208218338,tomate frito dia vegecampo 3 x 215 g | salsa de tomate
Tomate triturado Dia Vegecampo 800 g,https://www.dia.es/aceites-salsas-y-especias/salsas-de-tomate-y-pasta/p/13105,0.79,['Salsa de tomate'],1.0,3.2,0.5,1.2,88.0,0.45,3.1,0.1,53.4,0.9592969472710453,0.5121128488193806,tomate triturado dia vegecampo 800 g | salsa de tomate
Salsa brava Dia Salseo 300 g,https://www.dia.es/aceites-salsas-y-especias/salsas-especiales-y-picantes/p/141593,1.8,['Salsas especiales'],1.2,11.0,15.0,0.55,793.0,300.0,11.0,1.7,42.48,0.8658649398704903,0.3446795461514872,salsa brava dia salseo 300 g | salsas especiales
Salsa de yogur Dia Salseo 300 ml,https://www.dia.es/aceites-salsas-y-especias/salsas-especiales-y-picantes/p/142034,1.16,['Salsas especiales'],2.3,9.8,21.2,0.55,1005.0,1.06,3.1,2.8,43.4,0.9250693802035153,0.35878564857405704,salsa de yogur dia salseo 300 ml | salsas especiales
Salsa burger Dia Salseo 320 g,https://www.dia.es/aceites-salsas-y-especias/salsas-especiales-y-picantes/p/79156,1.5,['Salsas especiales'],0.7,19.0,12.0,1.0,793.0,320.0,11.0,1.4,42.88,0.8936170212765957,0.35081263416130026,salsa burger dia salseo 320 g | salsas especiales
Alioli Chovi 180 g,https://www.dia.es/aceites-salsas-y-especias/salsas-especiales-y-picantes/p/45706,1.55,['Salsas especiales'],1.2,1.5,82.0,0.1,3080.0,1.3,0.0,10.0,33.9,0.8889916743755781,0.21312480834099967,alioli chovi 180 g | salsas especiales
Salsa miel y mostaza Dia Salseo 310 g,https://www.dia.es/aceites-salsas-y-especias/salsas-especiales-y-picantes/p/222650,1.32,['Salsas especiales'],1.0,14.0,19.6,0.55,992.0,310.0,10.4,2.4,42.1,0.910268270120259,0.338853112542165,salsa miel y mostaza dia salseo 310 g | salsas especiales
Salsa césar Dia Salseo 300 ml,https://www.dia.es/aceites-salsas-y-especias/salsas-especiales-y-picantes/p/129425,1.36,['Salsas especiales'],2.9,7.5,28.2,0.55,1237.0,2.54,4.7,4.9,44.0,0.906567992599445,0.36798528058877644,salsa césar dia salseo 300 ml | salsas especiales
Salsa mayo sriracha Dia Salseo 300 ml,https://www.dia.es/aceites-salsas-y-especias/salsas-especiales-y-picantes/p/300739,1.69,['Salsas especiales'],0.8,11.4,40.7,0.55,1716.0,1.8,8.6,4.8,41.9,0.876040703052729,0.33578656853725847,salsa mayo sriracha dia salseo 300 ml | salsas especiales
Salsa ranchera Dia Salseo 300 g,https://www.dia.es/aceites-salsas-y-especias/salsas-especiales-y-picantes/p/284524,1.5,['Salsas especiales'],2.0,11.0,15.0,0.55,776.0,300.0,5.7,1.3,43.7,0.8936170212765957,0.3633854645814168,salsa ranchera dia salseo 300 g | salsas especiales
Salsa de soja Dia Salseo 250 ml,https://www.dia.es/aceites-salsas-y-especias/salsas-especiales-y-picantes/p/287019,1.29,['Salsas especiales'],9.2,2.2,0.0,0.55,203.0,17.0,9.166666666666666,0.0,60.3,0.9130434782608696,0.6179086169886537,salsa de soja dia salseo 250 ml | salsas especiales
Salsa barbacoa Dia Salseo 360 g,https://www.dia.es/aceites-salsas-y-especias/salsas-especiales-y-picantes/p/79155,1.18,['Salsas especiales'],1.1,34.0,0.5,0.55,602.0,360.0,28.0,0.1,42.75,0.9232192414431082,0.348819380558111,salsa barbacoa dia salseo 360 g | salsas especiales
Refresco de cola zero Dia Hola Cola 12 x 330 ml,https://www.dia.es/agua-y-refrescos/cola/p/107157P12,4.2,['Refresco de cola'],0.0,0.0,0.0,3.586111111111111,1.0,0.02,0.0,0.0,57.17,0.6438482886216466,0.5699172033118676,refresco de cola zero dia hola cola 12 x 330 ml | refresco de cola
Coca-Cola zero azúcar 2 x 2 L,https://www.dia.es/agua-y-refrescos/cola/p/82492,4.1,['Refresco de cola'],0.0,0.0,0.0,3.586111111111111,101.33333333333333,0.02,0.0,0.0,57.17,0.6530989824236818,0.5699172033118676,"coca-cola zero azúcar 2 x 2 l | refresco de cola | nada como el sabor auténtico de una coca-cola zero bien fría para hacer el momento todavía más especial. con todo el sabor original de coca-cola, sin azúcar y sin calorías. el pack de 2 botellas de 2 litros es el formato perfecto para las fiestas y comidas con los tuyos. tómala fría con hielo y una rodaja de lima o limón para disfrutar al máximo de todo su sabor. envase con 25% de material reciclado y 100% reciclable."
Refresco de cola Dia Hola Cola 330 ml,https://www.dia.es/agua-y-refrescos/cola/p/5392,0.35,['Refresco de cola'],0.0,7.2,0.0,3.586111111111111,123.0,0.0,7.2,0.0,57.17,1.0,0.5699172033118676,refresco de cola dia hola cola 330 ml | refresco de cola
Coca-Cola 12 x 330 ml,https://www.dia.es/agua-y-refrescos/cola/p/30319,11.16,['Refresco de cola'],0.0,10.6,0.0,3.586111111111111,180.0,0.0,10.6,0.0,57.17,0.0,0.5699172033118676,"coca-cola 12 x 330 ml | refresco de cola | coca-cola sabor original, es una bebida refrescante con el sabor inconfundible de tu coca-cola de siempre desde 1886. disfrútala en cualquier momento, lugar y ocasión con este pack ahorro de 12 latas de 330 ml. tu coca-cola, aún más refrescante con mucho hielo y una rodaja de lima o limón. envase 100% reciclable."
Coca-Cola 1.25 L,https://www.dia.es/agua-y-refrescos/cola/p/7492,1.55,['Refresco de cola'],0.0,10.6,0.0,3.586111111111111,180.0,0.0,10.6,0.0,57.17,0.8889916743755781,0.5699172033118676,"coca-cola 1.25 l | refresco de cola | coca-cola sabor original, es una bebida refrescante con el sabor inconfundible de tu coca-cola de siempre desde 1886. la botella de 1,25 litros es el formato perfecto para las comidas habituales con los tuyos. tu coca-cola, aún más refrescante con mucho hielo y una rodaja de lima o limón. envase con 25% de material reciclado y 100% reciclable."
Refresco de cola zero Dia Hola Cola 330 ml,https://www.dia.es/agua-y-refrescos/cola/p/107157,0.35,['Refresco de cola'],0.0,0.0,0.0,3.586111111111111,1.0,0.02,0.0,0.0,57.17,1.0,0.5699172033118676,refresco de cola zero dia hola cola 330 ml | refresco de cola
Refresco de cola Dia Hola Cola 4 x 2 L,https://www.dia.es/agua-y-refrescos/cola/p/10065P4,3.2,['Refresco de cola'],0.0,7.2,0.0,3.586111111111111,123.0,0.0,7.2,0.0,57.17,0.7363552266419982,0.5699172033118676,refresco de cola dia hola cola 4 x 2 l | refresco de cola
Refresco de cola zero Dia Hola Cola 4 x 2 L,https://www.dia.es/agua-y-refrescos/cola/p/130617P4,3.2,['Refresco de cola'],0.0,0.0,0.0,3.586111111111111,1.0,0.02,0.0,0.0,57.17,0.7363552266419982,0.5699172033118676,refresco de cola zero dia hola cola 4 x 2 l | refresco de cola
Refresco de cola Dia Hola Cola 12 x 330 ml,https://www.dia.es/agua-y-refrescos/cola/p/5392P12,4.2,['Refresco de cola'],0.0,7.2,0.0,3.586111111111111,123.0,0.0,7.2,0.0,57.17,0.6438482886216466,0.5699172033118676,refresco de cola dia hola cola 12 x 330 ml | refresco de cola
Coca-Cola 2 x 2 L,https://www.dia.es/agua-y-refrescos/cola/p/38406,4.1,['Refresco de cola'],0.0,10.6,0.0,3.586111111111111,180.0,0.0,10.6,0.0,57.17,0.6530989824236818,0.5699172033118676,"coca-cola 2 x 2 l | refresco de cola | coca-cola sabor original, es una bebida refrescante con el sabor inconfundible de tu coca-cola de siempre desde 1886. el pack ahorro de 2 botellas de 2 litros es el formato perfecto para las celebraciones y comidas con los tuyos. tómala fría con hielo y una rodaja de lima o limón para disfrutar al máximo de todo su sabor. envase con 25% de material reciclado y 100% reciclable."
Bebida de fresa Dia Láctea pack 12 x 100 g,https://www.dia.es/yogures-y-postres/yogures-liquidos/p/274134,2.0,['Postres infantiles'],1.8,11.4,1.2,0.35,280.0,0.08,11.2,0.8,52.5,0.84736355226642,0.49831340079730146,bebida de fresa dia láctea pack 12 x 100 g | postres infantiles
Petit de fresa líquido Dia Láctea pack 4 x 80 g,https://www.dia.es/yogures-y-postres/yogures-y-postres-infantiles/p/265284,1.95,['Postres infantiles'],4.4,12.1,2.5,0.35,375.0,0.1,11.3,1.6,55.1,0.8519888991674376,0.5381784728610856,petit de fresa líquido dia láctea pack 4 x 80 g | postres infantiles
Yogur con trozos de KitKat Nestlé pack 2 x 115 g,https://www.dia.es/yogures-y-postres/yogures-de-sabores-y-frutas/p/131232,1.95,['Postres infantiles'],4.6,20.4,7.0,0.2,686.0,0.23,18.4,4.2,47.85,0.8519888991674376,0.427016252683226,yogur con trozos de kitkat nestlé pack 2 x 115 g | postres infantiles
Yogur de fresa líquido Danonino pack 4 x 70 g,https://www.dia.es/yogures-y-postres/yogures-y-postres-infantiles/p/231491,2.55,['Postres infantiles'],3.6,11.2,2.1,0.35,328.0,0.1,9.6,1.4,54.3,0.7964847363552267,0.5259122968414597,"yogur de fresa líquido danonino pack 4 x 70 g | postres infantiles | yogur con fresa, con un diseño perfecto para llevar dónde sea para los más pequeños de la casa, no solo por su formato sino tambien por las 4h que puede aguantar fuera de la nevera"
Petit de fresa Dia Láctea pack 6 x 50 g,https://www.dia.es/yogures-y-postres/yogures-y-postres-infantiles/p/265287,0.99,['Postres infantiles'],6.9,11.4,2.7,0.35,412.0,0.1,10.9,1.7,57.3,0.940795559666975,0.5719104569150567,petit de fresa dia láctea pack 6 x 50 g | postres infantiles
Petit de fresa Danonino pack 6 x 50 g,https://www.dia.es/yogures-y-postres/yogures-y-postres-infantiles/p/12679,1.69,['Postres infantiles'],6.2,11.2,2.2,0.35,377.0,50.0,10.0,1.5,56.9,0.876040703052729,0.5657773689052438,"petit de fresa danonino pack 6 x 50 g | postres infantiles | danonino petit con sabor a fresa de danone está especialmente diseñado para que los más pequeños desarrollen su autonomía, a la vez que disfrutan de un postre saludable y divertido. este yogur bebible está elaborado con queso fresco semidestanatado con sabor a fresa, y contiene la cantidad necesaria de calcio y vitamina d para favorecer el crecimiento y desarrollo de los huesos en los niños. además, es bajo en grasa y apto para celíacos (ya que no contiene gluten). debe conservarse en frío, entre unos 2ºc y 6ºc, y se vende en packs de 6x50g."
Petit de chocolate Nesquik pack 6 x 60 g,https://www.dia.es/yogures-y-postres/yogures-y-postres-infantiles/p/27687,1.85,['Postres infantiles'],4.2,21.6,6.1,0.5,676.0,0.54,17.8,4.0,48.3,0.8612395929694727,0.4339159766942655,petit de chocolate nesquik pack 6 x 60 g | postres infantiles
Petit de fresa y plátano Dia Láctea pack 6 x 50 g,https://www.dia.es/yogures-y-postres/yogures-y-postres-infantiles/p/265288,0.99,['Postres infantiles'],6.9,11.2,2.7,0.35,408.0,0.1,10.8,1.7,57.4,0.940795559666975,0.5734437289175099,petit de fresa y plátano dia láctea pack 6 x 50 g | postres infantiles
Yogur con Smarties Nestlé pack 2 x 128 g,https://www.dia.es/yogures-y-postres/yogures-de-sabores-y-frutas/p/132719,1.95,['Postres infantiles'],4.3,15.2,4.6,0.2,506.0,0.17,14.4,3.0,52.05,0.8519888991674376,0.49141367678626185,yogur con smarties nestlé pack 2 x 128 g | postres infantiles
Natilla con sorpresa de chocolate y vainilla Dairy for fun tarrina 70 g,https://www.dia.es/yogures-y-postres/yogures-y-postres-infantiles/p/220828,1.09,['Postres infantiles'],3.1,18.1,5.6,0.5,572.0,0.23,14.5,3.7,49.8,0.9315448658649399,0.45691505673106403,"natilla con sorpresa de chocolate y vainilla dairy for fun tarrina 70 g | postres infantiles | natilla de chocolate y vainilla con regalo sorpresa: colecciones enteras de los personajes favoritos de los pequeños: patrulla canina, bob esponja, peppa pig, los pitufos…"
Lentejas con chorizo Dia Al Punto 430 g,https://www.dia.es/platos-preparados-y-pizzas/comida-tradicional/p/27933,1.35,['Comida tradicional preparada'],5.1,8.9,3.2,3.586111111111111,376.0,0.95,0.3,1.1,62.27,0.9074930619796485,0.6481140754369826,lentejas con chorizo dia al punto 430 g | comida tradicional preparada
Albóndigas Dia Al Punto 415 g,https://www.dia.es/platos-preparados-y-pizzas/comida-tradicional/p/6630,1.78,['Comida tradicional preparada'],8.4,5.1,9.5,3.586111111111111,592.0,1.1,0.6,2.8,60.77,0.8677150786308974,0.625114995400184,albóndigas dia al punto 415 g | comida tradicional preparada
Ensaladilla de cangrejo Ensalandia 250 g,https://www.dia.es/platos-preparados-y-pizzas/comida-tradicional/p/189920,1.99,['Comida tradicional preparada'],5.5,18.0,18.0,3.586111111111111,1064.0,250.0,9.9,4.8,52.67,0.8482886216466234,0.500919963201472,ensaladilla de cangrejo ensalandia 250 g | comida tradicional preparada
Crema de espárragos Dia Al Punto 300 g,https://www.dia.es/conservas-caldos-y-cremas/cremas-y-pures/p/309573,1.5,['Comida tradicional preparada'],1.0,3.7,3.0,3.586111111111111,105.0,0.02,1.0,0.4,58.17,0.8936170212765957,0.5852499233363999,crema de espárragos dia al punto 300 g | comida tradicional preparada
Lasaña boloñesa Dia Al Punto 350 g,https://www.dia.es/platos-preparados-y-pizzas/comida-tradicional/p/266359,2.49,['Comida tradicional preparada'],6.1,14.0,7.7,3.586111111111111,635.0,0.84,2.1,2.3,57.4,0.8020351526364478,0.5734437289175099,lasaña boloñesa dia al punto 350 g | comida tradicional preparada
Ensaladilla rusa Dia Al Punto 250 g,https://www.dia.es/platos-preparados-y-pizzas/comida-tradicional/p/264423,1.79,['Comida tradicional preparada'],4.5,8.1,29.6,3.586111111111111,860.0,250.0,1.5,1.9,51.67,0.8667900092506938,0.48558724317693963,ensaladilla rusa dia al punto 250 g | comida tradicional preparada
Callos con chorizo Dia Al Punto 380 g,https://www.dia.es/platos-preparados-y-pizzas/comida-tradicional/p/33811,2.45,['Comida tradicional preparada'],16.2,2.6,11.6,3.586111111111111,753.0,0.79,0.3,5.0,64.55,0.8057354301572618,0.6830726770929163,callos con chorizo dia al punto 380 g | comida tradicional preparada
Fabada asturiana Dia Al Punto 435 g,https://www.dia.es/platos-preparados-y-pizzas/comida-tradicional/p/47840,1.49,['Comida tradicional preparada'],6.0,11.0,8.5,3.586111111111111,625.0,0.9,1.0,2.6,57.55,0.8945420906567992,0.5757436369211898,fabada asturiana dia al punto 435 g | comida tradicional preparada
Cocido madrileño Dia Al Punto 440 g,https://www.dia.es/platos-preparados-y-pizzas/comida-tradicional/p/49694,1.89,['Comida tradicional preparada'],6.2,8.8,7.1,3.586111111111111,538.0,0.86,0.6,2.3,59.92,0.8575393154486587,0.6120821833793315,cocido madrileño dia al punto 440 g | comida tradicional preparada
Albóndigas de pollo Dia Al Punto 415 g,https://www.dia.es/platos-preparados-y-pizzas/comida-tradicional/p/300690,1.78,['Comida tradicional preparada'],7.3,4.5,7.8,3.586111111111111,496.0,1.2,0.3,2.2,62.07,0.8677150786308974,0.645047531432076,albóndigas de pollo dia al punto 415 g | comida tradicional preparada
Maíz dulce Dia Vegecampo 285 g,https://www.dia.es/conservas-caldos-y-cremas/conservas-de-verdura/p/1250,0.99,['Conservas de verduras'],2.4,12.6,1.2,2.3,323.0,0.4,6.2,0.2,57.0,0.940795559666975,0.567310640907697,maíz dulce dia vegecampo 285 g | conservas de verduras
Espárragos blancos delgados Dia Vegecampo 110 g,https://www.dia.es/conservas-caldos-y-cremas/conservas-de-verdura/p/245783,1.25,['Conservas de verduras'],1.1,1.8,0.4,2.3,74.0,0.75,1.5,0.1,55.7,0.9167437557816837,0.5473781048758051,espárragos blancos delgados dia vegecampo 110 g | conservas de verduras
Judías verdes planas Dia Vegecampo 360 g,https://www.dia.es/conservas-caldos-y-cremas/conservas-de-verdura/p/13049,1.2,['Conservas de verduras'],0.7,2.6,0.5,2.3,68.0,0.7,1.1,0.1,55.3,0.9213691026827012,0.541245016865992,judías verdes planas dia vegecampo 360 g | conservas de verduras
Zanahoria en tiras Dia Vegecampo 180 g,https://www.dia.es/conservas-caldos-y-cremas/conservas-de-verdura/p/16543,0.95,['Conservas de verduras'],1.6,5.9,0.3,2.3,152.0,1.9,4.7,0.1,56.2,0.9444958371877891,0.5550444648880712,zanahoria en tiras dia vegecampo 180 g | conservas de verduras
Champiñones laminados Dia Vegecampo 185 g,https://www.dia.es/conservas-caldos-y-cremas/conservas-de-verdura/p/1666,1.0,['Conservas de verduras'],2.4,1.0,0.0,2.3,91.0,0.6,0.2,0.0,57.0,0.9398704902867715,0.567310640907697,champiñones laminados dia vegecampo 185 g | conservas de verduras
Judías verdes redondas Dia Vegecampo 360 g,https://www.dia.es/conservas-caldos-y-cremas/conservas-de-verdura/p/171371,1.2,['Conservas de verduras'],0.7,2.6,0.5,2.3,68.0,0.7,1.1,0.1,55.3,0.9213691026827012,0.541245016865992,judías verdes redondas dia vegecampo 360 g | conservas de verduras
Pimientos del piquillo en tiras con ajo Dia Vegecampo 225 g,https://www.dia.es/conservas-caldos-y-cremas/conservas-de-verdura/p/46598,1.1,['Conservas de verduras'],0.9,9.1,0.0,2.3,170.0,1.1,8.1,0.0,55.5,0.9306197964847364,0.5443115608708985,pimientos del piquillo en tiras con ajo dia vegecampo 225 g | conservas de verduras
Maíz dulce Dia Vegecampo 3 x 140 g,https://www.dia.es/conservas-caldos-y-cremas/conservas-de-verdura/p/47592,1.6,['Conservas de verduras'],2.4,12.6,1.2,2.3,323.0,0.4,6.2,0.2,57.0,0.8843663274745606,0.567310640907697,maíz dulce dia vegecampo 3 x 140 g | conservas de verduras
Patatas cocidas enteras Dia Vegecampo 400 g,https://www.dia.es/conservas-caldos-y-cremas/conservas-de-verdura/p/283024,1.9,['Conservas de verduras'],1.0,11.0,0.0,2.3,221.0,0.9,0.0,0.0,55.6,0.8566142460684552,0.5458448328733517,patatas cocidas enteras dia vegecampo 400 g | conservas de verduras
Maíz dulce Dia Vegecampo 3 x 70 g,https://www.dia.es/conservas-caldos-y-cremas/conservas-de-verdura/p/303537,1.25,['Conservas de verduras'],2.6,12.0,1.7,2.3,325.0,0.26,5.5,0.3,57.2,0.9167437557816837,0.5703771849126036,maíz dulce dia vegecampo 3 x 70 g | conservas de verduras
Batido de chocolate Dia Láctea 6 x 200 ml,https://www.dia.es/huevos-leche-y-mantequilla/batidos-cafes-frios-y-horchatas/p/296458,1.55,['Batidos'],2.0,11.0,1.0,0.9,265.0,0.11,10.5,0.7,53.8,0.8889916743755781,0.5182459368291935,batido de chocolate dia láctea 6 x 200 ml | batidos
Batido energy ColaCao 3 + 1 x 188 ml,https://www.dia.es/huevos-leche-y-mantequilla/batidos/p/297974,2.15,['Batidos'],3.3,11.0,0.8,0.4,274.0,0.18,11.0,0.6,54.1,0.8334875115633673,0.5228457528365532,batido energy colacao 3 + 1 x 188 ml | batidos
Batido de chocolate Cacaolat 4 x 200 ml,https://www.dia.es/huevos-leche-y-mantequilla/batidos/p/304821,3.85,['Batidos'],2.7,12.9,1.5,0.65,333.0,0.12,12.7,1.0,54.0,0.6762257169287696,0.5213124808341,batido de chocolate cacaolat 4 x 200 ml | batidos | cacaolat batido de cacao original - pack x4 200ml
Batido de fresa Dia Láctea 6 x 200 ml,https://www.dia.es/huevos-leche-y-mantequilla/batidos/p/134753,1.55,['Batidos'],2.9,10.3,1.2,0.65,269.0,0.15,10.3,0.9,54.2,0.8889916743755781,0.5243790248390064,batido de fresa dia láctea 6 x 200 ml | batidos
Batido de chocolate Cacaolat botella 1 L,https://www.dia.es/huevos-leche-y-mantequilla/batidos/p/1914,2.44,['Batidos'],2.7,10.7,1.5,0.65,280.0,0.12,10.6,1.0,54.0,0.8066604995374653,0.5213124808341,batido de chocolate cacaolat botella 1 l | batidos | cacaolat batido de cacao original - botella 1l
Batido de vainilla Dia Láctea 6 x 200 ml,https://www.dia.es/huevos-leche-y-mantequilla/batidos/p/134754,1.55,['Batidos'],2.9,10.3,1.2,0.65,269.0,0.15,10.3,0.9,54.2,0.8889916743755781,0.5243790248390064,batido de vainilla dia láctea 6 x 200 ml | batidos
Batido al cacao Dia Láctea botella 1 L,https://www.dia.es/huevos-leche-y-mantequilla/batidos/p/1269,1.29,['Batidos'],2.0,11.0,1.0,0.65,265.0,0.11,10.5,0.7,53.3,0.9130434782608696,0.5105795768169273,batido al cacao dia láctea botella 1 l | batidos
Batido de cacao 90% leche Dia Láctea 6 x 200 ml,https://www.dia.es/huevos-leche-y-mantequilla/batidos/p/115833,1.75,['Batidos'],3.5,10.8,1.6,0.65,305.0,0.18,10.7,0.9,54.8,0.8704902867715079,0.5335786568537259,batido de cacao 90% leche dia láctea 6 x 200 ml | batidos
Batido de chocolate 0% sin azúcar añadido Cacaolat botella 1 L,https://www.dia.es/huevos-leche-y-mantequilla/batidos/p/211527,2.69,['Batidos'],3.0,4.9,2.3,0.65,222.0,0.15,4.6,1.5,54.3,0.7835337650323775,0.5259122968414597,batido de chocolate 0% sin azúcar añadido cacaolat botella 1 l | batidos | cacaolat batido de cacao 0% - botella 1l
Batido de chocolate Puleva 6 x 200 ml,https://www.dia.es/huevos-leche-y-mantequilla/batidos/p/81206,2.75,['Batidos'],3.2,9.1,1.2,0.65,254.0,0.18,9.1,0.8,54.5,0.7779833487511564,0.5289788408463661,"batido de chocolate puleva 6 x 200 ml | batidos | ¡el batido puleva es la forma más divertida de tomar leche! disfruta de la nueva receta del batido puleva de chocolate, y dale más color y sabor a tu desayuno, tentempié de media-mañana o a tu merienda. el batido puleva de chocolate está hecho con un 90% de leche puleva y ahora con un 40% menos de azúcar añadido. ¡y sin edulcorantes! una forma placentera de tomar una de las raciones diarias recomendadas de lácteos de una manera sana e imaginativa. el batido puleva es la alternativa más divertida para darles a tus hijos la leche que necesitan a diario, y acompañarles en cualquiera de sus actividades. desde el recreo, pasando por sus actividades deportivas o extraescolares, hasta cualquier momento de diversión con amigos."
Horchata Dia 1 L,https://www.dia.es/huevos-leche-y-mantequilla/bebidas-vegetales-y-horchatas/p/26053,1.35,['Bebidas vegetales'],0.5,11.1,2.5,3.586111111111111,290.0,0.07,10.7,1.0,57.67,0.9074930619796485,0.5775835633241337,horchata dia 1 l | bebidas vegetales
Bebida de soja 0% azúcares Dia Vegedia 1 L,https://www.dia.es/huevos-leche-y-mantequilla/bebidas-vegetales-y-horchatas/p/294323,0.75,['Bebidas vegetales'],2.7,1.2,1.5,3.586111111111111,122.0,0.1,0.0,0.2,59.87,0.9629972247918593,0.6113155473781049,bebida de soja 0% azúcares dia vegedia 1 l | bebidas vegetales
Bebida de avena 0% azúcares Dia Vegedia 1 L,https://www.dia.es/huevos-leche-y-mantequilla/bebidas-vegetales-y-horchatas/p/293332,0.75,['Bebidas vegetales'],0.8,5.5,1.1,3.586111111111111,155.0,0.1,0.0,0.1,57.97,0.9629972247918593,0.5821833793314934,bebida de avena 0% azúcares dia vegedia 1 l | bebidas vegetales
Bebida de avena 0% azúcares Dia Vegedia pack 6 x 1 L,https://www.dia.es/huevos-leche-y-mantequilla/bebidas-vegetales-y-horchatas/p/293332P6,4.5,['Bebidas vegetales'],0.8,5.5,1.1,3.586111111111111,155.0,0.1,0.0,0.1,57.97,0.6160962072155411,0.5821833793314934,bebida de avena 0% azúcares dia vegedia pack 6 x 1 l | bebidas vegetales
Bebida de almendras 0% azúcares Dia Vegedia 1 L,https://www.dia.es/huevos-leche-y-mantequilla/bebidas-vegetales-y-horchatas/p/267684,1.19,['Bebidas vegetales'],0.8,0.3,2.2,3.586111111111111,101.0,0.14,0.0,0.2,57.97,0.9222941720629048,0.5821833793314934,bebida de almendras 0% azúcares dia vegedia 1 l | bebidas vegetales
Bebida de avena y mango Dia Vegedia 1 L,https://www.dia.es/huevos-leche-y-mantequilla/bebidas-vegetales-y-horchatas/p/308443,1.29,['Bebidas vegetales'],1.3,10.0,1.3,3.586111111111111,243.0,0.1,7.5,0.6,58.47,0.9130434782608696,0.5898497393437596,bebida de avena y mango dia vegedia 1 l | bebidas vegetales
Bebida de avena barista Dia Vegedia 1 L,https://www.dia.es/huevos-leche-y-mantequilla/bebidas-vegetales-y-horchatas/p/302799,0.99,['Bebidas vegetales'],1.3,8.5,1.5,3.586111111111111,227.0,0.14,5.9,0.2,58.47,0.940795559666975,0.5898497393437596,bebida de avena barista dia vegedia 1 l | bebidas vegetales
Bebida de soja con calcio Dia Vegedia pack 6 x 1 L,https://www.dia.es/huevos-leche-y-mantequilla/bebidas-vegetales-y-horchatas/p/294324P6,3.79,['Bebidas vegetales'],3.5,1.2,2.0,3.586111111111111,156.0,0.13,0.8,0.4,60.67,0.6817761332099908,0.6235817233977308,bebida de soja con calcio dia vegedia pack 6 x 1 l | bebidas vegetales
Bebida de avena Dia Vegedia 1 L,https://www.dia.es/huevos-leche-y-mantequilla/bebidas-vegetales-y-horchatas/p/267682,0.76,['Bebidas vegetales'],1.0,9.5,0.7,3.586111111111111,210.0,0.01,6.8,0.1,58.17,0.9620721554116559,0.5852499233363999,bebida de avena dia vegedia 1 l | bebidas vegetales
Bebida de avena con café Dia Vegedia 1 L,https://www.dia.es/huevos-leche-y-mantequilla/bebidas-vegetales-y-horchatas/p/307408,1.25,['Bebidas vegetales'],1.0,7.6,2.2,3.586111111111111,232.0,0.16,5.0,0.3,58.17,0.9167437557816837,0.5852499233363999,bebida de avena con café dia vegedia 1 l | bebidas vegetales
Cerveza Heineken pack 12 x 33 cl,https://www.dia.es/cervezas-vinos-y-licores/cervezas/p/232317,7.59,['Cervezas'],0.0,3.2,0.0,3.586111111111111,176.0,0.01,0.0,0.0,57.17,0.330249768732655,0.5699172033118676,"cerveza heineken pack 12 x 33 cl | cervezas | heineken en la elaboración de su cerveza usa ingredientes seleccionados de extraordinaria calidad: malta pilsen de cebada, lúpulo, agua y una exclusiva levadura de fermentación baja.la levadura heineken de fermentación baja se distribuye desde holanda a los más de 70 países donde se elabora.es una cerveza de tipo y estilo lager de color amarillo brillante. tiene una espuma blanca intensa, cremosa y persistente en el vaso, que deja claros anillos a medida que se consume.su aroma frutal a plátano (procedente de su fermentación lenta a baja temperatura) perdura hasta el consumo final, mezclándose con el ligero sabor dulce de la malta pilsen y su amargor suave.la heineken es una cerveza seca de cuerpo ligero con buen paso de boca, que proporciona un final amargo muy fresco y nada astringente al finalizar su consumo.temperatura de servicio recomendada: 0-3ºcextraordinaria como aperitivo, y especialmente adecuada para acompañar platos como ensaladas, espárragos, platos a base de verduras y carnes blancas, sobre todo cuando se acompañan con compotas o purés de manzanas. ideal para la cocina asiática, pescados azules o blancos en plancha, al horno, en escabeche, salazón o fritos.la cerveza heineken nació en 1873 en una pequeña cervecería familiar de ámsterdam (holanda). su fundador, alfred heineken, siempre pensó que la cerveza podía viajar, lo que ha sido clave para su expansión internacional. heineken es actualmente la cerveza líder en europa y la marca más internacional del mundo, con presencia en 180 países"
Cerveza clásica Mahou pack 12 x 33 cl,https://www.dia.es/cervezas-vinos-y-licores/cervezas/p/1722,9.29,['Cervezas'],0.3,3.4,0.0,3.586111111111111,178.0,0.0,0.1,0.0,57.47,0.17298797409805744,0.5745170193192273,"cerveza clásica mahou pack 12 x 33 cl | cervezas | pack de 12 latas de 33 centilitros cada una de mahou clásica, cerveza dorada lager, la cerveza de siempre que mantiene intacta su receta, sabor calidad y dedicación, con 4,8% de alcohol. para un mayor disfrute se recomienda consumir entre 4º y 6º c apariencia: cerveza mahou clásica dorada pale lager de aspecto dorado y reluciente con espuma consistente aroma: de intensidad media-alta y con su carácter pilsen, la cerveza mahou clásica dorada lager otorga un ligero aroma frutal con sutiles notas florales de lúpulo sabor: sabor suave, con un buen equilibrio entre alcohol y acidez, en boca es fina y de cuerpo moderado, lo que unido a un amargor suave en intensidad le confiere un efecto muy refrescante. cerveza mahou clásica es adecuada para acompañar cualquier aperitivo es la primera mahou de la historia, está elaborada a partir de una combinación de agua, lúpulo, maíz y maltas pilsen de distinto origen, manteniendo su receta original de 1891"
Cerveza Estrella Galicia pack 6 x 25 cl,https://www.dia.es/cervezas-vinos-y-licores/cervezas/p/24285,4.15,['Cervezas'],0.0,3.5,0.0,3.586111111111111,197.0,0.0,0.05,0.0,57.17,0.6484736355226641,0.5699172033118676,cerveza estrella galicia pack 6 x 25 cl | cervezas | estrella galicia especial pack 6 botellas de 25cl
Cerveza Estrella Galicia pack 10 x 33 cl,https://www.dia.es/cervezas-vinos-y-licores/cervezas/p/57921,8.65,['Cervezas'],0.0,3.5,0.0,3.586111111111111,197.0,0.0,0.0,0.0,57.17,0.2321924144310823,0.5699172033118676,cerveza estrella galicia pack 10 x 33 cl | cervezas | estrella galicia especial frigopack de 10 latas de 33cl.
Cerveza Mahou 5 Estrellas pack 12 x 33 cl,https://www.dia.es/cervezas-vinos-y-licores/cervezas/p/6171,8.06,['Cervezas'],0.4,3.9,0.0,3.586111111111111,205.0,0.0,0.1,0.0,57.57,0.2867715078630897,0.5760502913216805,"cerveza mahou 5 estrellas pack 12 x 33 cl | cervezas | mahou cinco estrellas : el sabor de los encuentros. tu mahou de siempre. nacida hace más de 40 años para satisfacer a los paladares más exigentes. los orígenes de mahou cinco estrellas se remontan a 1890, aunque es en 1969 cuando adopta su nombre actual, un acontecimiento que es uno de los momentazos de nuestros más de 130 años de historia. esta mítica pale lager de color dorado destaca por su espuma cremosa y consistente, así como por su sabor característico, moderado y fino, de aroma afrutado. el resultado: un buen balance gustativo que persiste en el paladar, como los encuentros con tu gente"
San jacobo Dia Al Punto 320 g,https://www.dia.es/congelados/croquetas-y-rebozados/p/43657,1.24,['Empanados y preparados'],7.6,26.6,3.3,3.586111111111111,764.0,2.19,1.2,1.0,55.67,0.9176688251618872,0.5469181232750691,san jacobo dia al punto 320 g | empanados y preparados
Fingers de pollo Dia Al Punto 400 g,https://www.dia.es/congelados/croquetas-y-rebozados/p/275644,2.39,['Empanados y preparados'],15.0,23.0,10.0,3.586111111111111,1019.0,1.1,2.3,1.8,62.17,0.8112858464384829,0.6465808034345293,fingers de pollo dia al punto 400 g | empanados y preparados
Kebab fusión con arroz y verduras Fripozo 320 g,https://www.dia.es/congelados/arroces-y-pasta/p/305262,2.99,['Empanados y preparados'],320.0,20.0,4.3,3.586111111111111,678.0,1.0,0.4,1.7,85.22,0.755781683626272,1.0,kebab fusión con arroz y verduras fripozo 320 g | empanados y preparados | kebab fusión + proteínas 320g
Braseado de verduras con pollo asado Dia Al Punto 400 g,https://www.dia.es/congelados/verduras-y-patatas/p/267138,1.99,['Empanados y preparados'],5.6,5.7,1.4,3.586111111111111,255.0,0.82,4.1,0.3,62.77,0.8482886216466234,0.6557804354492488,braseado de verduras con pollo asado dia al punto 400 g | empanados y preparados
"Relleno para fajitas con pollo, pimientos y cebolla Dia Al Punto 300 g",https://www.dia.es/platos-preparados-y-pizzas/comida-mexicana/p/222880,1.95,['Empanados y preparados'],9.9,5.8,1.2,3.586111111111111,326.0,0.98,4.6,0.4,67.07,0.8519888991674376,0.7217111315547378,"relleno para fajitas con pollo, pimientos y cebolla dia al punto 300 g | empanados y preparados"
Libritos de jamón y queso con patatas fritas 250 g,https://www.dia.es/platos-preparados-y-pizzas/listos-para-comer/p/308577,3.49,['Empanados y preparados'],8.4,21.0,12.0,3.586111111111111,945.0,0.6,1.0,2.2,55.57,0.7095282146160962,0.5453848512726158,libritos de jamón y queso con patatas fritas 250 g | empanados y preparados
Longaniza sin tripa Selección de Dia 325 g,https://www.dia.es/carnes/cerdo/p/112150,1.99,['Empanados y preparados'],13.0,2.5,16.0,3.586111111111111,856.0,2.0,0.5,5.6,59.27,0.8482886216466234,0.6021159153633855,longaniza sin tripa selección de dia 325 g | empanados y preparados
Crunchy de pollo Fripozo 300 g,https://www.dia.es/congelados/croquetas-y-rebozados/p/230004,2.69,['Empanados y preparados'],11.0,22.0,8.3,3.586111111111111,883.0,1.6,6.3,2.0,58.17,0.7835337650323775,0.5852499233363999,crunchy de pollo fripozo 300 g | empanados y preparados | crunchy de pollo bolsa 300 g
Longaniza fresca Selección de Dia 350 g,https://www.dia.es/carnes/cerdo/p/282904,2.39,['Empanados y preparados'],17.0,0.5,16.0,3.586111111111111,890.0,1.7,2.3555555555555556,6.3,62.22,0.8112858464384829,0.6473474394357559,longaniza fresca selección de dia 350 g | empanados y preparados
Nuggets de pollo Dia Al Punto 400 g,https://www.dia.es/congelados/croquetas-y-rebozados/p/305216,2.99,['Empanados y preparados'],11.0,13.0,14.0,3.586111111111111,939.0,0.94,0.8,1.8,58.17,0.755781683626272,0.5852499233363999,nuggets de pollo dia al punto 400 g | empanados y preparados
Carne picada de vacuno y cerdo Selección de Dia 900 g,https://www.dia.es/carnes/hamburguesas-carne-picada-y-albondigas/p/261242,7.79,['Carne picada'],18.0,0.5,15.0,3.586111111111111,870.0,0.3,0.5,6.3,63.22,0.3117483811285846,0.6626801594602882,carne picada de vacuno y cerdo selección de dia 900 g | carne picada | burger meat mixta 900 g
Burger BIO Selección de Dia 240 g,https://www.dia.es/carnes/hamburguesas-carne-picada-y-albondigas/p/272306,3.99,['Carne picada'],19.2,0.4,11.1,3.586111111111111,727.0,1.08,0.1,4.8,68.2,0.6632747456059205,0.7390371051824595,burger bio selección de dia 240 g | carne picada
Burger de cerdo y vacuno 6 unidades Selección de Dia 540 g,https://www.dia.es/carnes/hamburguesas-carne-picada-y-albondigas/p/244789,4.69,['Carne picada'],16.0,0.75,16.0,3.586111111111111,790.0,1.7,0.75,5.8,62.22,0.5985198889916743,0.6473474394357559,burger de cerdo y vacuno 6 unidades selección de dia 540 g | carne picada | burger meat mixta 6uds.
Carne picada de cerdo Selección de Dia 500 g,https://www.dia.es/carnes/hamburguesas-carne-picada-y-albondigas/p/261238,2.79,['Carne picada'],16.0,1.0,16.0,3.586111111111111,881.0,0.4,0.6,6.3,61.22,0.7742830712303423,0.6320147194112236,carne picada de cerdo selección de dia 500 g | carne picada | burger meat de cerdo 500 g
Burger crunchy de pollo Selección de Dia 240 g,https://www.dia.es/carnes/hamburguesas-carne-picada-y-albondigas/p/288198,1.99,['Carne picada'],14.1,19.5,10.1,3.586111111111111,941.0,1.6,0.8,1.3,61.27,0.8482886216466234,0.6327813554124502,burger crunchy de pollo selección de dia 240 g | carne picada
Burger de pollo 6 unidades Selección de Dia 540 g,https://www.dia.es/carnes/hamburguesas-carne-picada-y-albondigas/p/261374,3.99,['Carne picada'],16.1,1.1,8.3,3.586111111111111,600.0,1.4,0.5,1.8,68.27,0.6632747456059205,0.7401103955841766,burger de pollo 6 unidades selección de dia 540 g | carne picada
Albóndigas de pollo Selección de Dia 420 g,https://www.dia.es/carnes/hamburguesas-carne-picada-y-albondigas/p/297329,3.79,['Carne picada'],16.9,1.7,11.5,3.586111111111111,755.0,1.24,0.1,3.6,65.2,0.6817761332099908,0.6930389451088623,albóndigas de pollo selección de dia 420 g | carne picada
Albóndigas de cerdo Selección de Dia 400 g,https://www.dia.es/carnes/hamburguesas-carne-picada-y-albondigas/p/271754,2.49,['Carne picada'],14.4,3.5,21.7,3.586111111111111,1107.0,2.5,1.5,8.5,56.32,0.8020351526364478,0.5568843912910151,albóndigas de cerdo selección de dia 400 g | carne picada
Burger Maestra 99% Selección de Dia 150 g,https://www.dia.es/carnes/hamburguesas-carne-picada-y-albondigas/p/309622,3.49,['Carne picada'],19.0,0.5,19.0,3.586111111111111,832.0,0.67,0.5,6.2,64.37,0.7095282146160962,0.6803127874885005,burger maestra 99% selección de dia 150 g | carne picada
Carne picada de vacuno y cerdo Selección de Dia 500 g,https://www.dia.es/carnes/hamburguesas-carne-picada-y-albondigas/p/261241,3.59,['Carne picada'],18.0,0.5,15.0,3.586111111111111,870.0,0.3,0.5,6.3,63.22,0.700277520814061,0.6626801594602882,carne picada de vacuno y cerdo selección de dia 500 g | carne picada | burger meat mixta 500 g
Paté de cerdo ibérico Dia Nuestra Alacena 125 g,https://www.dia.es/charcuteria-y-quesos/pate-foie-y-sobrasada/p/57937,1.19,['Pate'],12.0,3.9,27.0,3.586111111111111,1269.0,1.5,1.2,10.0,51.67,0.9222941720629048,0.48558724317693963,paté de cerdo ibérico dia nuestra alacena 125 g | pate
Paté clásico La piara 2 x 75 g,https://www.dia.es/charcuteria-y-quesos/pate-foie-y-sobrasada/p/306350,1.0,['Pate'],7.4,2.8,19.0,3.586111111111111,885.0,1.8,0.5,6.7,52.02,0.9398704902867715,0.49095369518552595,paté clásico la piara 2 x 75 g | pate
Paté a las finas hierbas Dia Nuestra Alacena 125 g,https://www.dia.es/charcuteria-y-quesos/pate-foie-y-sobrasada/p/39998,0.86,['Pate'],12.3,1.2,29.3,3.586111111111111,1314.0,2.03,1.2,11.2,50.17,0.9528214616096207,0.4625881631401411,paté a las finas hierbas dia nuestra alacena 125 g | pate
Paté de atún Dia Nuestra Alacena 2 x 75 g,https://www.dia.es/charcuteria-y-quesos/pate-foie-y-sobrasada/p/293539,1.45,['Pate'],8.5,5.7,13.9,3.586111111111111,761.0,1.3,1.0,1.6,56.65,0.8982423681776133,0.5619441888991107,paté de atún dia nuestra alacena 2 x 75 g | pate
Paté de pollo Dia Nuestra Alacena 2 x 78 g,https://www.dia.es/charcuteria-y-quesos/pate-foie-y-sobrasada/p/304810,1.55,['Pate'],11.0,0.5,19.0,3.586111111111111,901.0,1.2,0.5,2.5,58.17,0.8889916743755781,0.5852499233363999,paté de pollo dia nuestra alacena 2 x 78 g | pate
Paté olivada Dia Nuestra Alacena 135 g,https://www.dia.es/charcuteria-y-quesos/pate-foie-y-sobrasada/p/307382,1.75,['Pate'],1.5,1.4,26.0,3.586111111111111,1056.0,2.71,0.5,3.8,48.67,0.8704902867715079,0.43958908310334255,paté olivada dia nuestra alacena 135 g | pate
Paté de campaña Dia Nuestra Alacena 125 g,https://www.dia.es/charcuteria-y-quesos/pate-foie-y-sobrasada/p/57938,1.09,['Pate'],11.0,1.0,33.0,3.586111111111111,1417.0,1.8,1.0,12.3,47.22,0.9315448658649399,0.4173566390677706,paté de campaña dia nuestra alacena 125 g | pate
Paté de salmón Dia Nuestra Alacena 110 g,https://www.dia.es/charcuteria-y-quesos/pate-foie-y-sobrasada/p/286535,0.95,['Pate'],9.8,2.3,21.9,3.586111111111111,1016.0,110.0,0.5,3.4,56.97,0.9444958371877891,0.5668506593069611,paté de salmón dia nuestra alacena 110 g | pate
Paté de cerdo suave Dia Nuestra Alacena 3 x 75 g,https://www.dia.es/charcuteria-y-quesos/pate-foie-y-sobrasada/p/307264,1.25,['Pate'],6.9,4.7,22.7,3.586111111111111,1049.0,1.64,0.2,7.3,50.62,0.9167437557816837,0.46948788715118056,paté de cerdo suave dia nuestra alacena 3 x 75 g | pate
Paté a la pimienta Dia Nuestra Alacena 125 g,https://www.dia.es/charcuteria-y-quesos/pate-foie-y-sobrasada/p/39997,0.86,['Pate'],11.3,1.3,26.5,3.586111111111111,1195.0,1.72,1.0,9.9,51.12,0.9528214616096207,0.4771542471634468,paté a la pimienta dia nuestra alacena 125 g | pate
Anchoas en aceite de girasol Caprimar frasco 52 g,https://www.dia.es/pescados-y-mariscos/ahumados-y-salazones/p/264138,1.99,['Ahumados'],26.0,1.0,11.0,0.0,863.0,14.0,0.0,2.0,66.0,0.8482886216466234,0.7053051211284882,anchoas en aceite de girasol caprimar frasco 52 g | ahumados
Boquerones en vinagre con ajo y perejil Arteiñaki bandeja 250 g,https://www.dia.es/pescados-y-mariscos/ahumados-y-salazones/p/308655,5.59,['Ahumados'],18.0,3.0,13.0,0.0,846.0,2.0,0.0,4.0,58.0,0.5152636447733581,0.5826433609322293,boquerones en vinagre con ajo y perejil arteiñaki bandeja 250 g | ahumados
Trucha ahumada Dia Mari Marinera bandeja 100 g,https://www.dia.es/pescados-y-mariscos/ahumados-y-salazones/p/233894,3.69,['Ahumados'],21.0,0.8,11.0,0.0,790.0,3.3,0.8,2.4,61.25,0.6910268270120259,0.6324747010119596,trucha ahumada dia mari marinera bandeja 100 g | ahumados
Filetes de anchoa en aceite de oliva Dia Mari Marinera pack 3 x 25 g,https://www.dia.es/pescados-y-mariscos/ahumados-y-salazones/p/293674,2.99,['Ahumados'],29.0,0.5,5.1,0.0,682.0,11.93,0.5,0.7,71.95,0.755781683626272,0.7965348052744557,filetes de anchoa en aceite de oliva dia mari marinera pack 3 x 25 g | ahumados
Bacalao desmigado desalado MSC Selección de Dia bandeja 250 g,https://www.dia.es/pescados-y-mariscos/ahumados-y-salazones/p/264608,5.99,['Ahumados'],11.3,0.0,1.0,0.0,260.0,250.0,0.0,0.1,61.3,0.4782608695652174,0.6332413370131861,bacalao desmigado desalado msc selección de dia bandeja 250 g | ahumados
Boquerones en vinagre MSC Dia Mari Marinera bandeja 80 g,https://www.dia.es/pescados-y-mariscos/ahumados-y-salazones/p/267319,2.39,['Ahumados'],22.1,0.7,6.2,0.0,617.0,2.0,0.1,0.9,66.67,0.8112858464384829,0.7155780435449249,boquerones en vinagre msc dia mari marinera bandeja 80 g | ahumados
Salmón ahumado reducido en sal Dia Selección Mundial sobre 100 g,https://www.dia.es/pescados-y-mariscos/ahumados-y-salazones/p/302187,3.99,['Ahumados'],23.0,0.5,16.0,0.0,985.0,100.0,0.5,2.5,63.0,0.6632747456059205,0.6593069610548912,salmón ahumado reducido en sal dia selección mundial sobre 100 g | ahumados
Salmón ahumado Noruego Dia Selección Mundial sobre 200 g,https://www.dia.es/pescados-y-mariscos/ahumados-y-salazones/p/44404,7.2,['Ahumados'],24.0,1.5,11.2,0.0,844.0,200.0,1.0,1.8,64.0,0.366327474560592,0.6746396810794235,salmón ahumado noruego dia selección mundial sobre 200 g | ahumados
Boquerones en vinagre con ajo y perejil MSC Dia Mari Marinera bandeja 80 g,https://www.dia.es/pescados-y-mariscos/ahumados-y-salazones/p/296779,2.49,['Ahumados'],22.9,0.7,6.8,0.0,702.0,2.6,0.3,1.8,65.35,0.8020351526364478,0.6953388531125421,boquerones en vinagre con ajo y perejil msc dia mari marinera bandeja 80 g | ahumados
Salmón ahumado Noruego Dia Selección Mundial sobre 100 g,https://www.dia.es/pescados-y-mariscos/ahumados-y-salazones/p/263686,3.8,['Ahumados'],22.0,0.5,13.0,0.0,867.0,100.0,0.5,2.2,62.0,0.6808510638297873,0.6439742410303588,salmón ahumado noruego dia selección mundial sobre 100 g | ahumados
